ID,SMILES,ANNOTATION,DOI,COMENTS
01KWC17AR6P1A4BFKNSKHQXJF3,C1C(CC(C)C)=CC=CC=1.CC(=O)OC(=O)C>>C1C(CC(C)C)=CC=C(C(=O)C)C=1,HF,10.3390/molecules26164792,Ibuprofen BHC process
01KWC17AR6P1A4BFKNSKHQXJF3,C1C(CC(C)C)=CC=C(C(=O)C)C=1.[HH]>>C1C(CC(C)C)=CC=C(C(O)C)C=1,Raney Ni,10.3390/molecules26164793,Ibuprofen BHC process
01KWC17AR6P1A4BFKNSKHQXJF3,C1C(CC(C)C)=CC=C(C(=O)C)C=1.[C]=O>>C1C(CC(C)C)=CC=C(C(C(=O)O)C)C=1,Pd,10.3390/molecules26164794,Ibuprofen BHC process
01KWC17W4MJ7KGTEP1Q3R7VWA6,C1C(CC(C)C)=CC=CC=1.CC(=O)OC(=O)C>>C1C(CC(C)C)=CC=C(C(=O)C)C=1,AlCl3,10.3390/molecules26164795,Ibuprofen Boots process
01KWC17W4MJ7KGTEP1Q3R7VWA6,C1C(CC(C)C)=CC=C(C(=O)C)C=1.CCOC(=O)CCl>>C1C(CC(C)C)=CC=C(C2(OC2C(=O)OCC)C)C=1,KOtBu,10.3390/molecules26164796,Ibuprofen Boots process
01KWC17W4MJ7KGTEP1Q3R7VWA6,C1C(CC(C)C)=CC=C(C2(OC2C(=O)OCC)C)C=1.[OH3+]>>C1C(CC(C)C)=CC=C(C(C)C=O)C=1,"H3O+, heat",10.3390/molecules26164797,Ibuprofen Boots process
01KWC17W4MJ7KGTEP1Q3R7VWA6,C1C(CC(C)C)=CC=C(C(C)C=O)C=1.NO>>C1C(CC(C)C)=CC=C(C(C)/C=N/O)C=1,,10.3390/molecules26164798,Ibuprofen Boots process
01KWC17W4MJ7KGTEP1Q3R7VWA6,C1C(CC(C)C)=CC=C(C(C)/C=N/O)C=1>>C1C(CC(C)C)=CC=C(C(C)C#N)C=1,,10.3390/molecules26164799,Ibuprofen Boots process
01KWC17W4MJ7KGTEP1Q3R7VWA6,C1C(CC(C)C)=CC=C(C(C)C#N)C=1>>C1C(CC(C)C)=CC=C(C(C)C(O)=O)C=1,"OH-, heat",10.3390/molecules26164800,Ibuprofen Boots process
